internal_id,chapter/use,source title,creator,source page,license,commercial use,modification allowed,attribution required,accessed/downloaded date,local research path,duration,file format,subjective notes,technical notes,status
A-01,Seed/ambient,Roomtone Bedroom Yew,leonelmail,https://freesound.org/people/leonelmail/sounds/329569/,CC0 1.0,yes,yes,no,accessed 2026-08-22; not downloaded,,31.047 s,MP3 44.1 kHz stereo 128 kbps,"Neutral compact room air; reject if domestic events or short-loop recognition emerge","Phase 10.2: no legal local master; no technical or subjective audition; first target remains -30 LUFS-I",not-auditioned/access-blocked
A-02,Seed/ambient,Ambience City Quiet Night Air Tone,leonelmail,https://freesound.org/people/leonelmail/sounds/427841/,CC0 1.0,yes,yes,no,accessed 2026-08-22; not downloaded,,139.455 s,MP3 44.1 kHz stereo 128 kbps,"Dark neutral-air alternate; reject if city rhythm or tonal noise identifies place","Lossy-only source; audition codec noise after gain matching",candidate
B-01,Forest/wind,Wind rustling leaves through tree Cardiff,gsparrysound,https://freesound.org/people/gsparrysound/sounds/848978/,CC0 1.0,yes,yes,no,accessed 2026-08-22; not downloaded,,141.092 s,WAV 48 kHz 24-bit stereo,"Autumn single-tree woodland perspective; provenance place name is not story canon","Phase 10.2: no legal local master; no technical or subjective audition; planned -30 LUFS-I check pending",not-auditioned/access-blocked
B-02,Forest/wind,Windy Autumn Forest Soundscape 2,Porphyr,https://freesound.org/people/Porphyr/sounds/209339/,CC BY 4.0,yes,yes,yes,accessed 2026-08-22; not downloaded,,180.856 s,WAV 48 kHz 24-bit stereo,"Seasonally apt; rain and birds may disqualify","49.7 MB master; attribution plus change notice required",candidate
C-01,Forest/leaves,Leaves rustle in the wind,Cinetony,https://freesound.org/people/Cinetony/sounds/575380/,CC0 1.0,yes,yes,no,accessed 2026-08-22; not downloaded,,106.000 s,WAV 48 kHz 24-bit stereo,"Strong near-mid foliage candidate; tagged birds so select only clean section","Phase 10.2: no legal local master; no technical or subjective audition; mono/transient test pending",not-auditioned/access-blocked
C-02,Forest/leaves,Wind(leaves).WAV,o_ciz,https://freesound.org/people/o_ciz/sounds/475448/,CC0 1.0,yes,yes,no,accessed 2026-08-22; not downloaded,,168.280 s,WAV 96 kHz 16-bit stereo,"Long alternate with no stated species; may contain too much broad wind","61.7 MB master; downsample working copy to 48 kHz only",candidate
D-01,Tree/forest_pause,Derivative of Leaves rustle in the wind,Cinetony,https://freesound.org/people/Cinetony/sounds/575380/,CC0 1.0,yes,yes,no,accessed 2026-08-22; not downloaded,,TBD excerpt,WAV derivative planned,"Same-world continuity; quieter event-clean excerpt with reduced activity","Phase 10.2: parent C-01 unavailable and not auditioned; derivative not created",not-auditioned/parent-unavailable
D-02,Tree/forest_pause,Derivative of Wind rustling leaves through tree Cardiff,gsparrysound,https://freesound.org/people/gsparrysound/sounds/848978/,CC0 1.0,yes,yes,no,accessed 2026-08-22; not downloaded,,TBD excerpt,WAV derivative planned,"Alternate same-world wind continuity","Parent B-01; avoid audible low-pass sweep",candidate
E-01,Tree to Room/threshold air,still air tone carpeted room.WAV,Geoff-Bremner-Audio,https://freesound.org/people/Geoff-Bremner-Audio/sounds/707054/,CC BY 4.0,yes,yes,yes,accessed 2026-08-22; not downloaded,,785.801 s,WAV 48 kHz 24-bit mono,"Long neutral enclosed air; mono supports gradual width closure; reject if studio-dead","Phase 10.2: no legal local master; no audition; CC BY credit and change notice remain mandatory if adopted",not-auditioned/access-blocked
E-02,Tree to Room/threshold air,Room Tone.wav,Soapuel,https://freesound.org/people/Soapuel/sounds/489443/,CC0 1.0,yes,yes,no,accessed 2026-08-22; not downloaded,,130.671 s,WAV 48 kHz 24-bit stereo,"Neutral alternate; reject if hard indoor identity or tonal hum","35.9 MB master; audition as bed component rather than file switch",candidate
F-01,Room/room_ambience,Room Tone_Silent room.wav,Mar.Sounds,https://freesound.org/people/Mar.Sounds/sounds/630427/,CC0 1.0,yes,yes,no,accessed 2026-08-22; not downloaded,,118.444 s,WAV 48 kHz 24-bit stereo,"Faint outside leakage and lived-in room fit; reject identifiable cars birds or neighbours","Phase 10.2: no legal local master; no audition or residue-separation test",not-auditioned/access-blocked
F-02,Room/room_ambience,bedroom roomtone evening,Yuval,https://freesound.org/people/Yuval/sounds/196199/,CC0 1.0,yes,yes,no,accessed 2026-08-22; not downloaded,,965.929 s,WAV 48 kHz 24-bit stereo,"Closed-window evening leakage; identifiable birds may disqualify","265.3 MB master; select event-clean 60-90 s before loop work",candidate
G-01,Light/outside_world,Exterior-residue derivative of Room Tone_Silent room.wav,Mar.Sounds,https://freesound.org/people/Mar.Sounds/sounds/630427/,CC0 1.0,yes,yes,no,accessed 2026-08-22; not downloaded,,TBD excerpt,WAV derivative planned,"Best same-room continuity if exterior residue can be separated credibly","Phase 10.2: parent F-01 unavailable and not auditioned; derivative not created",not-auditioned/parent-unavailable
G-02,Light/outside_world,Restrained derivative of Leaves rustle in the wind,Cinetony,https://freesound.org/people/Cinetony/sounds/575380/,CC0 1.0,yes,yes,no,accessed 2026-08-22; not downloaded,,TBD excerpt,WAV derivative planned,"Fallback far exterior family; must not imply open window or full forest return","Parent C-01; strong distance shaping; keep below room bed",candidate
P1-WAT-01,Seed/water,Single Water Drop,paespedro,https://freesound.org/people/paespedro/sounds/174718/,CC0 1.0,yes,yes,no,accessed 2026-08-22; not downloaded,,0.471 s,WAV 44.1 kHz 32-bit stereo,"Small and dry candidate but mouth-hand provenance may sound synthetic","Phase 10.2: no legal local master; no realism or level audition",not-auditioned/access-blocked
P1-WAT-02,Seed/water,water drop,IRF1010N,https://freesound.org/people/IRF1010N/sounds/661630/,CC0 1.0,yes,yes,no,accessed 2026-08-22; not downloaded,,0.557 s,FLAC 44.1 kHz 16-bit mono,"Tiny alternate; mouth-made so realism must be verified","15.4 KB; mono point detail; no reverse",candidate
P1-SOIL-00,Seed/soil,No qualified candidate retained,,,none,n/a,n/a,n/a,researched 2026-08-22,,n/a,n/a,"Generic impacts and unclear matches rejected; purpose-recording recommended","Need small dry granular contact at visible scale",reject
P1-WOOD-01,Tree/wood_shift,wood creaks,seth-m,https://freesound.org/people/seth-m/sounds/269722/,CC0 1.0,yes,yes,no,accessed 2026-08-22; not downloaded,,5.305 s,WAV 44.1 kHz 16-bit stereo,"Clean interims allow tiny settling fragments; reject any haunted-floor reading","Phase 10.2: no legal local master; no fragment extraction or audition",not-auditioned/access-blocked
P1-WOOD-02,Tree/wood_shift,Objects_WoodCreak_1.wav,SilentStrikeZ,https://freesound.org/people/SilentStrikeZ/sounds/389645/,CC0 1.0,yes,yes,no,accessed 2026-08-22; not downloaded,,9.613 s,WAV 48 kHz 24-bit mono,"Plank alternate; may be too recognizable as creak","1.6 MB; isolate smallest weight-transfer fragments; reverse suppress",candidate
R-01,Forest/reject,2015-11-20 wind and leaves in a forest.wav,tim.kahn,https://freesound.org/people/tim.kahn/sounds/329560/,CC BY-NC 4.0,no,yes,yes,accessed 2026-08-22; not downloaded,,1105.910 s,WAV 48 kHz 24-bit stereo,"Strong recording but rights incompatible with potential commercial portfolio use","Noncommercial restriction",reject
R-02,Forest/reject,Autumn Forest Wind,Akacie,https://freesound.org/people/Akacie/sounds/73723/,CC BY-NC 4.0,no,yes,yes,accessed 2026-08-22; not downloaded,,1059.940 s,AIFF 44.1 kHz 16-bit stereo,"Seasonal but cold wet and bird content also diverges","Noncommercial restriction",reject
R-03,Threshold/reject,Dungeon Air,Flamiffer,https://freesound.org/people/Flamiffer/sounds/530161/,CC0 1.0,yes,yes,no,accessed 2026-08-22; not downloaded,,151.580 s,WAV 44.1 kHz 32-bit stereo,"Processed stretch reverb and boosted bass create designed dungeon character","Fails neutral threshold aesthetic",reject
